Quillan MacConneely,Quillan,cat,1,BETHESDA
Arly Smieton,Arly,cat,1,BETHESDA
Ahmed Onyon,Ahmed,cat,1,BETHESDA
Gilemette Scrannage,Gilemette,cat,1,BETHESDA
Esdras Bevans,Esdras,cat,1,BETHESDA
Brandyn Rawlins,Brandyn,cat,1,BETHESDA
Vivien Stribling,Vivien,cat,1,BETHESDA
Stinky Tapson,Stinky,cat,1,BETHESDA
Ebony Denniss,Ebony,cat,1,BETHESDA
Sayers Bellham,Sayers,cat,1,BETHESDA
Rozanna Mallinder,Rozanna,cat,1,BETHESDA
Linda Mariet,Linda,cat,1,BETHESDA
Abbe Ivashin,Abbe,cat,1,BETHESDA
Kerri Flawith,Kerri,cat,1,BETHESDA
Cleopatra Charke,Cleopatra,cat,1,BETHESDA
Jeddy Corter,Jeddy,cat,1,BETHESDA
Derrik Vinter,Derrik,cat,1,BETHESDA
Vincent Cleiment,Vincent,cat,1,BETHESDA
Langsdon Downton,Langsdon,cat,1,BETHESDA
Hermina Baitson,Hermina,cat,1,BETHESDA
Caprice Esley,Caprice,cat,1,BETHESDA
Teddie Tuison,Teddie,cat,1,BETHESDA
Elbertine Swanborough,Elbertine,cat,1,BETHESDA
Debee Cabera,Debee,cat,1,BETHESDA
Ulla Guilbert,Ulla,cat,1,BETHESDA
Nertie Bellon,Nertie,cat,1,BETHESDA
Judon Quincee,Judon,cat,1,BETHESDA
Raimundo Lavis,Raimundo,cat,1,BETHESDA
Dianemarie Teulier,Dianemarie,cat,1,BETHESDA
Thelma Radcliffe,Thelma,cat,1,BETHESDA
Meryl Beckson,Meryl,cat,1,BETHESDA
Morlee Everall,Morlee,cat,1,BETHESDA
Sibbie Radnage,Sibbie,cat,1,BETHESDA
Tabina O'Gavin,Tabina,cat,1,BETHESDA
Kin Wooster,Kin,cat,1,BETHESDA
Corey Rains,Corey,cat,1,BETHESDA
Valerye McLagan,Valerye,cat,1,BETHESDA
Catrina Dikelin,Catrina,cat,1,BETHESDA
Timmy Quickfall,Timmy,cat,1,BETHESDA
Reginald Sawday,Reginald,cat,1,BETHESDA
Charmion Franies,Charmion,cat,1,BETHESDA
Regine Busk,Regine,cat,1,BETHESDA
Ringo Lamping,Ringo,cat,1,BETHESDA
Marylinda Indgs,Marylinda,cat,1,BETHESDA
Stanleigh Vinck,Stanleigh,cat,1,BETHESDA
Cheri Briant,Cheri,cat,1,BETHESDA
Emmett Ryves,Emmett,cat,1,BETHESDA
Tades Kenneford,Tades,cat,1,BETHESDA
Shara Baxstair,Shara,cat,1,BETHESDA
Tallia Bickerdike,Tallia,cat,1,BETHESDA
Chariot Rewcastle,Chariot,cat,1,BETHESDA
Etta Brixey,Etta,cat,1,GALILEE
Minette Elks,Minette,cat,1,GALILEE
Hurlee Clutram,Hurlee,cat,1,GALILEE
Durant Charteris,Durant,cat,1,GALILEE
Ricard Costi,Ricard,cat,1,GALILEE
Adela Stranio,Adela,cat,1,GALILEE
Suzanna Drinkall,Suzanna,cat,1,GALILEE
Phaedra Conniam,Phaedra,cat,1,GALILEE
Zared Mauditt,Zared,cat,1,GALILEE
Jana Dreigher,Jana,cat,1,GALILEE
Sammy Bonsall,Sammy,cat,1,GALILEE
Christine Ubach,Christine,cat,1,GALILEE
Leonhard Faires,Leonhard,cat,1,GALILEE
Kaylil Garraway,Kaylil,cat,1,GALILEE
Bart Gerler,Bart,cat,1,GALILEE
Valencia Peter,Valencia,cat,1,GALILEE
Ugo Blankenship,Ugo,cat,1,GALILEE
Genny Gianulli,Genny,cat,1,GALILEE
Carver Caudelier,Carver,cat,1,GALILEE
Verne Hartell,Verne,cat,1,GALILEE
Nathan Chesshire,Nathan,cat,1,GALILEE
Andrew Gillyatt,Andrew,cat,1,GALILEE
Carce Wrey,Carce,cat,1,GALILEE
Verina Guilford,Verina,cat,1,GALILEE
Carmelia Frangleton,Carmelia,cat,1,GALILEE
Gusta Arthy,Gusta,cat,1,GALILEE
Rosemary O'Mohun,Rosemary,cat,1,GALILEE
Marina Mc Dermid,Marina,cat,1,GALILEE
Sarge Olner,Sarge,cat,1,GALILEE
Booth Bethell,Booth,cat,1,GALILEE
Barny Coster,Barny,cat,1,GALILEE
Tonie Cund,Tonie,cat,1,GALILEE
Yolande Perroni,Yolande,cat,1,GALILEE
Alexis Renahan,Alexis,cat,1,GALILEE
Ximenez Calbrathe,Ximenez,cat,1,GALILEE
Richmond Feaveer,Richmond,cat,1,GALILEE
Susanetta Strangward,Susanetta,cat,1,GALILEE
Jermayne Danbye,Jermayne,cat,1,GALILEE
Blair McCrory,Blair,cat,1,GALILEE
Verina Davidovicz,Verina,cat,1,GALILEE
Mitch Curran,Mitch,cat,1,GALILEE
Clare Hazleton,Clare,cat,1,GALILEE
Emmalynn Stilly,Emmalynn,cat,1,GALILEE
Kaitlin Wearden,Kaitlin,cat,1,GALILEE
Catherina Roma,Catherina,cat,1,GALILEE
Kenn Hallbord,Kenn,cat,1,GALILEE
Wolfie Dunan,Wolfie,cat,1,GALILEE
Zaneta Etteridge,Zaneta,cat,1,GALILEE
Corrinne Blaver,Corrinne,cat,1,GALILEE
Mata Selwyn,Mata,cat,1,GALILEE
Alonzo de Villier,Alonzo,cat,1,GALILEE
Wye Gaunter,Wye,cat,1,GALILEE
Raychel Tremblay,Raychel,cat,1,GALILEE
Calypso Grima,Calypso,cat,1,GALILEE
Orazio Twidale,Orazio,cat,1,GALILEE
Kiri Spittles,Kiri,cat,1,GALILEE
Adorne Lauxmann,Adorne,cat,1,GALILEE
Mic Fermer,Mic,cat,1,GALILEE
Carlotta Senogles,Carlotta,cat,1,GALILEE
Arvie Ardling,Arvie,cat,1,GALILEE
Hyacinthie Vorley,Hyacinthie,cat,1,GALILEE
Brit Rackham,Brit,cat,1,GALILEE
Adelheid Maidment,Adelheid,cat,1,GALILEE
Mitchell Allain,Mitchell,cat,1,GALILEE
Dreddy Dykes,Dreddy,cat,1,GALILEE
Murvyn Persich,Murvyn,cat,1,GALILEE
Lauri Grievson,Lauri,cat,1,GALILEE
Lonnie Rucklesse,Lonnie,cat,1,GALILEE
Christie Creelman,Christie,cat,1,GALILEE
Kristyn Sabathier,Kristyn,cat,1,GALILEE
Even Rollins,Even,cat,1,GALILEE
Tabbie Seville,Tabbie,cat,1,GALILEE
Christen Buttle,Christen,cat,1,GALILEE
Carlie Calbrathe,Carlie,cat,1,GALILEE
Shalna Cowthard,Shalna,cat,1,GALILEE
Malynda Kingett,Malynda,cat,1,GALILEE
Ambrosio Coxhell,Ambrosio,cat,1,GALILEE
Virgie Colbrun,Virgie,cat,1,GALILEE
Judah Ibert,Judah,cat,1,GALILEE
Crystie Fairfoull,Crystie,cat,1,GALILEE
Beck Jotham,Beck,cat,1,GALILEE
Betsy Orring,Betsy,cat,1,GALILEE
Caresa Jobson,Caresa,cat,1,GALILEE
Darnall Collingridge,Darnall,cat,1,GALILEE
Myrle Everal,Myrle,cat,1,GALILEE
Siward Halms,Siward,cat,1,GALILEE
Witty McKean,Witty,cat,1,GALILEE
Rolfe Preator,Rolfe,cat,1,GALILEE
Belita Kemmish,Belita,cat,1,GALILEE
Toddie Ellesmere,Toddie,cat,1,GALILEE
Rosabelle Loweth,Rosabelle,cat,1,GALILEE
Kai Crippes,Kai,cat,1,GALILEE
Kendra Gaskarth,Kendra,cat,1,GALILEE
Tuck Fackrell,Tuck,cat,1,GALILEE
Currey Kulic,Currey,cat,1,GALILEE
Charo Ungerer,Charo,cat,1,GALILEE
Gladys Le Friec,Gladys,cat,1,GALILEE
Louisette Gallagher,Louisette,cat,1,GALILEE
Allister Bearne,Allister,cat,1,GALILEE
Nealy Coldbath,Nealy,cat,1,GALILEE
Kessiah Andriessen,Kessiah,cat,1,GALILEE
Tanner Dengate,Tanner,cat,1,GALILEE
Rozanna Eudall,Rozanna,cat,1,GALILEE
Gunner Confait,Gunner,cat,1,GALILEE
Lida Parlet,Lida,cat,1,GALILEE
Mikaela Gerrish,Mikaela,cat,1,GALILEE
Hugo Makepeace,Hugo,cat,1,GALILEE
Karlee Le Grand,Karlee,cat,1,GALILEE
Kalila Championnet,Kalila,cat,1,GALILEE
Drucy Snoday,Drucy,cat,1,GALILEE
Rickie Juza,Rickie,cat,1,GALILEE
Romola Keiling,Romola,cat,1,GALILEE
Marnie Ingram,Marnie,cat,1,GALILEE
Phylys Lippiello,Phylys,cat,1,GALILEE
Sydelle Note,Sydelle,cat,1,GALILEE
Ofelia Jecock,Ofelia,cat,1,GALILEE
Starlin Tummasutti,Starlin,cat,1,GALILEE
Blythe Yushkov,Blythe,cat,1,GALILEE
Velvet Pattison,Velvet,cat,1,GALILEE
Sylvia Steadman,Sylvia,cat,1,GALILEE
Alyss Gauld,Alyss,cat,1,GALILEE
Tailor Spat,Tailor,cat,1,GALILEE
Adriana Frugier,Adriana,cat,1,GALILEE
Halie Vannuccinii,Halie,cat,1,GALILEE
Geoffry Duncanson,Geoffry,cat,1,GALILEE
Issiah Rickett,Issiah,cat,1,GALILEE
Brennen Service,Brennen,cat,1,GALILEE
Mireille Jorcke,Mireille,cat,1,GALILEE
Sarine Gettone,Sarine,cat,1,GALILEE
Leia MacSorley,Leia,cat,1,GALILEE
Morna Andreini,Morna,cat,1,GALILEE
Donnie Morrallee,Donnie,cat,1,GALILEE
Engelbert Balke,Engelbert,cat,1,GALILEE
Winfield Alesin,Winfield,cat,1,GALILEE
Darin Korb,Darin,cat,1,GALILEE
Almira Advani,Almira,cat,1,GALILEE
Vic Crowden,Vic,cat,1,GALILEE
Carmen Dincey,Carmen,cat,1,GALILEE
Jeanna Shufflebotham,Jeanna,cat,1,GALILEE
Horatia Cluderay,Horatia,cat,1,GALILEE
Ram Blakeden,Ram,cat,1,GALILEE
Maiga Mergue,Maiga,cat,1,GALILEE
Siward Hayter,Siward,cat,1,GALILEE
Otho Kaygill,Otho,cat,1,GALILEE
Giacobo Dulake,Giacobo,cat,1,GALILEE
Lyndsie Howland,Lyndsie,cat,1,GALILEE
Winifield Cater,Winifield,cat,1,GALILEE
Kirsti Junkison,Kirsti,cat,1,GALILEE
Gerardo Garnsworthy,Gerardo,cat,1,GALILEE
Hall Huckster,Hall,cat,1,GALILEE
Tye Basini-Gazzi,Tye,cat,1,GALILEE
Bobine Chesterton,Bobine,cat,1,GALILEE
Chrystal Rambadt,Chrystal,cat,1,GALILEE
Ginelle Shillinglaw,Ginelle,cat,1,GALILEE
Lyndsey Minchinden,Lyndsey,cat,1,GALILEE
Ekaterina Cahillane,Ekaterina,cat,1,GALILEE
Emiline Tomkinson,Emiline,cat,1,GALILEE
Augustina Warsop,Augustina,cat,1,GALILEE
Jacquenette Jarley,Jacquenette,cat,1,GALILEE
Mack Leggen,Mack,cat,1,GALILEE
Winne Aronoff,Winne,cat,1,GALILEE
Augusta Hawes,Augusta,cat,1,GALILEE
Coletta Peidro,Coletta,cat,1,GALILEE
Yurik Reedie,Yurik,cat,1,GALILEE
Bethena Stubbert,Bethena,cat,1,GALILEE
Gleda Easseby,Gleda,cat,1,GALILEE
Filia Yakovitch,Filia,cat,1,GALILEE
Brittne Griswood,Brittne,cat,1,GALILEE
Rina Folkerd,Rina,cat,1,GALILEE
Aldo Kilgrew,Aldo,cat,1,GALILEE
Cherilynn Peyto,Cherilynn,cat,1,GALILEE
Felicia Corse,Felicia,cat,1,GALILEE
Ignaz Hakonsson,Ignaz,cat,1,GALILEE
Beitris Metzke,Beitris,cat,1,GALILEE
Norean Brakewell,Norean,cat,1,GALILEE
Maryann Payley,Maryann,cat,1,GALILEE
Jacquelynn Narraway,Jacquelynn,cat,1,GALILEE
Marybelle Zwicker,Marybelle,cat,1,GALILEE
Byrom Creelman,Byrom,cat,1,GALILEE
Lemar Shortcliffe,Lemar,cat,1,GALILEE
Valery Jeens,Valery,cat,1,GALILEE
Robinson Ivashnyov,Robinson,cat,1,GALILEE
Sianna Caser,Sianna,cat,1,GALILEE
Rodina Relton,Rodina,cat,1,GALILEE
Ava Elham,Ava,cat,1,GALILEE
Dixie Arkle,Dixie,cat,1,GALILEE
Marline Luxon,Marline,cat,1,GALILEE
Ignacio Thunnercliff,Ignacio,cat,1,GALILEE
Christean Gritsunov,Christean,cat,1,GALILEE
Jacquenette Stanfield,Jacquenette,cat,1,GALILEE
Annaliese Sergean,Annaliese,cat,1,GALILEE
Tova Chatelot,Tova,cat,1,GALILEE
Cristi Aggett,Cristi,cat,1,GALILEE
Catrina Trussell,Catrina,cat,1,GALILEE
Saba Zumbusch,Saba,cat,1,GALILEE
Friedrich Murrell,Friedrich,cat,1,GALILEE
Jeromy Bellwood,Jeromy,cat,1,GALILEE
Nell De Avenell,Nell,cat,1,GALILEE
Bendicty Bercevelo,Bendicty,cat,1,GALILEE
Wernher Fairbanks,Wernher,cat,1,GALILEE
Cross Curson,Cross,cat,1,GALILEE
Grannie Hallihane,Grannie,cat,1,GALILEE
Daffie Foldes,Daffie,cat,1,GALILEE
Leanora Boschmann,Leanora,cat,1,GALILEE
Cissy Castles,Cissy,cat,1,GALILEE
Moises Bartlam,Moises,cat,1,GALILEE
Craggy Bausmann,Craggy,cat,1,GALILEE
Drona Traylen,Drona,cat,1,GALILEE
Gorden Gendricke,Gorden,cat,1,GALILEE
Melamie Woodrup,Melamie,cat,1,GALILEE
Farr Dealey,Farr,cat,1,JORDAN
Olivie Jeremaes,Olivie,cat,1,JORDAN
Lammond Bene,Lammond,cat,1,JORDAN
Dane Warbys,Dane,cat,1,JORDAN
Bethena Dillon,Bethena,cat,1,JORDAN
Katee Benck,Katee,cat,1,JORDAN
Dru Allsup,Dru,cat,1,JORDAN
Gypsy Saffen,Gypsy,cat,1,JORDAN
Margaux Dimbylow,Margaux,cat,1,JORDAN
Aile Epperson,Aile,cat,1,JORDAN
Becky Heggs,Becky,cat,1,JORDAN
Stormi Locket,Stormi,cat,1,JORDAN
Bradly Junkin,Bradly,cat,1,JORDAN
Joyous Tourle,Joyous,cat,1,JORDAN
Blondell McDaid,Blondell,cat,1,JORDAN
Sterne Bolin,Sterne,cat,1,JORDAN
Willem Milius,Willem,cat,1,JORDAN
Margery Simon,Margery,cat,1,JORDAN
Evin MacIllrick,Evin,cat,1,JORDAN
Ronni Blader,Ronni,cat,1,JORDAN
Ellis Bolino,Ellis,cat,1,JORDAN
Stella Loffhead,Stella,cat,1,JORDAN
Amelita Crunkhurn,Amelita,cat,1,JORDAN
Toby Lohan,Toby,cat,1,JORDAN
Neely Cooley,Neely,cat,1,JORDAN
Kayne McIndrew,Kayne,cat,1,JORDAN
Celia Jarred,Celia,cat,1,JORDAN
Gard Picheford,Gard,cat,1,JORDAN
Abby Buey,Abby,cat,1,JORDAN
Rivi Mumby,Rivi,cat,1,JORDAN
Paddy Effaunt,Paddy,cat,1,JORDAN
Duffy Dahlberg,Duffy,cat,1,JORDAN
Agnese Billingham,Agnese,cat,1,JORDAN
Radcliffe Alsina,Radcliffe,cat,1,JORDAN
Doe Findlow,Doe,cat,1,JORDAN
Betta Neil,Betta,cat,1,JORDAN
Pamela Casoni,Pamela,cat,1,JORDAN
Rossie Growden,Rossie,cat,1,JORDAN
Antonie Ben-Aharon,Antonie,cat,1,JORDAN
Sheelagh Lewing,Sheelagh,cat,1,JORDAN
Shandeigh Cheese,Shandeigh,cat,1,JORDAN
Darryl Bonniface,Darryl,cat,1,JORDAN
Hyman Dedrick,Hyman,cat,1,JORDAN
Rozina Pallas,Rozina,cat,1,JORDAN
Constantine Filon,Constantine,cat,1,JORDAN
Flss Middle,Flss,cat,1,JORDAN
Kilian Verty,Kilian,cat,1,JORDAN
Sonni Duckitt,Sonni,cat,1,JORDAN
Gregorio Pretty,Gregorio,cat,1,JORDAN
Gerda Ducarne,Gerda,cat,1,JORDAN
Ad Done,Ad,cat,1,JORDAN
Kayle Shearsby,Kayle,cat,1,JORDAN
Jackquelin Wedmore.,Jackquelin,cat,1,JORDAN
Kial Glastonbury,Kial,cat,1,JORDAN
Kellyann Harlin,Kellyann,cat,1,JORDAN
Dody Hierro,Dody,cat,1,JORDAN
Nick Casperri,Nick,cat,1,JORDAN
Gian Yarn,Gian,cat,1,JORDAN
Clayborn Scothron,Clayborn,cat,1,JORDAN
Vinni Abella,Vinni,cat,2,JORDAN
Jacklin Levin,Jacklin,cat,2,JORDAN
Zorana Prescot,Zorana,cat,2,JORDAN
Sara-ann Masterton,Sara,cat,2,JORDAN
Myron Giberd,Myron,cat,2,JORDAN
Zarah Elph,Zarah,cat,2,JORDAN
Georgetta Muston,Georgetta,cat,2,JORDAN
Sean Tresler,Sean,cat,2,JORDAN
Blanca Reeken,Blanca,cat,2,JORDAN
Egan Cordeiro,Egan,cat,2,JORDAN
Perren Birkbeck,Perren,cat,2,JORDAN
Brocky O'Neil,Brocky,cat,2,JORDAN
Gertie Camsey,Gertie,cat,2,JORDAN
Tadeas Harlick,Tadeas,cat,2,JORDAN
Clyde Serridge,Clyde,cat,2,JORDAN
Antonietta Yerby,Antonietta,cat,2,JORDAN
Sascha Filson,Sascha,cat,2,JORDAN
Chrissy Buy,Chrissy,cat,2,JORDAN
Paulita Plessing,Paulita,cat,2,JORDAN
Lewie Jumonet,Lewie,cat,2,JORDAN
Wain Danbi,Wain,cat,2,JORDAN
Peterus Aharoni,Peterus,cat,2,JORDAN
Almira Frugier,Almira,cat,2,JORDAN
Ewell Musker,Ewell,cat,2,JORDAN
Allis Coultish,Allis,cat,2,JORDAN
Darleen Asplen,Darleen,cat,2,JORDAN
Adriane Hoonahan,Adriane,cat,2,JORDAN
Floris Earsman,Floris,cat,2,JORDAN
Carly Kleen,Carly,cat,2,JORDAN
Felecia Betham,Felecia,cat,2,JORDAN
Bea Walshaw,Bea,cat,2,JORDAN
Darrin Hartopp,Darrin,cat,2,JORDAN
Talbert Ortelt,Talbert,cat,2,JORDAN
Shep Klamman,Shep,cat,2,JORDAN
Germain Derycot,Germain,cat,2,JORDAN
Julius Shakesbye,Julius,cat,2,JORDAN
Skip Godsil,Skip,cat,2,JORDAN
Jillayne Littefair,Jillayne,cat,2,JORDAN
Finlay Ferrini,Finlay,cat,2,JORDAN
Cullin Suttle,Cullin,cat,2,JORDAN
Bjorn Ivanyukov,Bjorn,cat,2,JORDAN
Helenka Beldan,Helenka,cat,2,JORDAN
Harrison Sterricks,Harrison,cat,2,JORDAN
Eddie Norrie,Eddie,cat,2,JORDAN
Donia Arlt,Donia,cat,2,JORDAN
Marcela Halbard,Marcela,cat,2,JORDAN
Jodie Bartosiak,Jodie,cat,2,JORDAN
Daffi Draude,Daffi,cat,2,JORDAN
Tory McFfaden,Tory,cat,2,JORDAN
Janot Milverton,Janot,cat,2,JORDAN
Amby Naisbet,Amby,cat,2,JORDAN
Ax Emmins,Ax,cat,2,JORDAN
Felicity Freshwater,Felicity,cat,2,JORDAN
Elly Yu,Elly,cat,2,JORDAN
Ag Triplet,Ag,cat,2,JORDAN
Gualterio Baskeyfied,Gualterio,cat,2,JORDAN
Gena Slocombe,Gena,cat,2,JORDAN
Merle Marsland,Merle,cat,2,JORDAN
Roanne Burns,Roanne,cat,2,JORDAN
Breanne Frid,Breanne,cat,2,JORDAN
Gale Ferrarotti,Gale,cat,2,JORDAN
Jecho Bownde,Jecho,cat,2,JORDAN
Lynette Satterfitt,Lynette,cat,2,JORDAN
Jacklyn Fautley,Jacklyn,cat,2,JORDAN
Daniele Matityahu,Daniele,cat,2,JORDAN
Bellanca Drayton,Bellanca,cat,2,JORDAN
Olenolin Dowdle,Olenolin,cat,2,JORDAN
Eliza Hungerford,Eliza,cat,2,JORDAN
Alia Hewins,Alia,cat,2,JORDAN
Denny Rankine,Denny,cat,2,JORDAN
Patrizia Eakly,Patrizia,cat,2,JORDAN
Bastian Minto,Bastian,cat,2,JORDAN
Kelci Burridge,Kelci,cat,2,JORDAN
Xavier Hinkes,Xavier,cat,2,JORDAN
Siana Leary,Siana,cat,2,JORDAN
Revkah Manuel,Revkah,cat,2,JORDAN
Lorilee Arnley,Lorilee,cat,2,JORDAN
Ardyth Arrowsmith,Ardyth,cat,2,JORDAN
Viki Riep,Viki,cat,2,JORDAN
Tamarah McKinnon,Tamarah,cat,2,JORDAN
Lewiss Faint,Lewiss,cat,1,JORDAN
Moses Scholl,Moses,cat,1,JORDAN
Cynthy Bugby,Cynthy,cat,1,JORDAN
Lolita Alcalde,Lolita,cat,1,JORDAN
Clare Larkkem,Clare,cat,1,JORDAN
Maynord Lambdean,Maynord,cat,1,JORDAN
Thane Christopher,Thane,cat,1,JORDAN
Tomasina Puncher,Tomasina,cat,1,JORDAN
Lexis Stood,Lexis,cat,1,JORDAN
Tamar Smowton,Tamar,cat,1,JORDAN
Alwin Kopec,Alwin,cat,1,JORDAN
Eal Ferries,Eal,cat,1,JORDAN
Maggy Dessent,Maggy,cat,1,JORDAN
Ivor Crowdy,Ivor,cat,1,JORDAN
Derk Le Lievre,Derk,cat,1,JORDAN
Dalston Kitlee,Dalston,cat,1,JORDAN
Savina Lampel,Savina,cat,1,JORDAN
Dunn Humpatch,Dunn,cat,2,JORDAN
Chadd Slowly,Chadd,cat,2,JORDAN
Tedd Javes,Tedd,cat,2,JORDAN
Demetris Ridley,Demetris,cat,2,JORDAN
Myrtie Jouanot,Myrtie,cat,2,JORDAN
Crystie Tinniswood,Crystie,cat,2,JORDAN
Kane Woodfin,Kane,cat,2,JORDAN
Gardie Inett,Gardie,cat,2,JORDAN
Gabbi Medway,Gabbi,cat,2,JORDAN
Remy Byrd,Remy,cat,2,JORDAN
Meridith Langsdon,Meridith,cat,2,JORDAN
Nicolais Fullerton,Nicolais,cat,2,JORDAN
Prescott Beagrie,Prescott,cat,2,JORDAN
Gay Quin,Gay,cat,2,JORDAN
Jerrie Nesterov,Jerrie,cat,2,JORDAN
Thane Quinnet,Thane,cat,2,JORDAN
Nestor Ayliff,Nestor,cat,2,JORDAN
Gran Gerardot,Gran,cat,2,JORDAN
Rosana Torel,Rosana,cat,2,JORDAN
Marlena MacPaden,Marlena,cat,2,JORDAN
Cassie Balaizot,Cassie,cat,2,JORDAN
Tricia Mines,Tricia,cat,2,JORDAN
Shawna Hanne,Shawna,cat,2,JORDAN
Vail Freire,Vail,cat,2,JORDAN
Dallon Wint,Dallon,cat,2,JORDAN
Reese Gumn,Reese,cat,2,JORDAN
Dione Reuss,Dione,cat,2,JORDAN
Alvie Catenot,Alvie,cat,2,JORDAN
Gavrielle Mackin,Gavrielle,cat,2,JORDAN
Franny Willis,Franny,cat,2,JORDAN
Tobe Blackmoor,Tobe,cat,2,JORDAN
Brande Grangier,Brande,cat,2,JORDAN
Selig Goodsall,Selig,cat,2,JORDAN
Camila Skinley,Camila,cat,2,JORDAN
Byron Boase,Byron,cat,2,JORDAN
Gabriello Holdin,Gabriello,cat,2,JORDAN
Franz Spurett,Franz,cat,2,JORDAN
Talia Pinhorn,Talia,cat,2,JORDAN
Sheela Austick,Sheela,cat,2,JORDAN
Melody Armstrong,Melody,cat,2,JORDAN
Katti Kelleway,Katti,cat,2,JORDAN
Lelia Garrison,Lelia,cat,2,JORDAN
Morna Henderson,Morna,cat,2,JORDAN
Sherwood Gerrish,Sherwood,cat,2,JORDAN
Madge Liepins,Madge,cat,2,JORDAN
Catherine Walasik,Catherine,cat,2,JORDAN
Gayler Peevor,Gayler,cat,2,JORDAN
Bjorn Kirkebye,Bjorn,cat,2,JORDAN
Evania Strowther,Evania,cat,2,JORDAN
Far Shales,Far,cat,2,JORDAN
Garey Cordobes,Garey,cat,2,JORDAN
Ethyl Easterling,Ethyl,cat,2,JORDAN
Urban Dows,Urban,cat,2,JORDAN
Huberto Waterman,Huberto,cat,2,JORDAN
Dniren Pack,Dniren,cat,2,JORDAN
Ilene Pendry,Ilene,cat,2,JORDAN
Celina Barszczewski,Celina,cat,2,JORDAN
Nicholas Brum,Nicholas,cat,2,JORDAN
Lily Errichelli,Lily,cat,2,JORDAN
Sammy Ioselevich,Sammy,cat,2,JORDAN
Aubree Veale,Aubree,cat,2,JORDAN
Odella Terbruggen,Odella,cat,2,JORDAN
Knox Speedin,Knox,cat,2,JORDAN
Artie Dimock,Artie,cat,2,JORDAN
Cecelia Ainley,Cecelia,cat,2,JORDAN
Webster Gauche,Webster,cat,2,JORDAN
Aurora Sedgebeer,Aurora,cat,2,JORDAN
Almeria Lear,Almeria,cat,2,JORDAN
Tracey Reddecliffe,Tracey,cat,2,JORDAN
Rosalia Vassel,Rosalia,cat,2,JORDAN
Pebrook Burgise,Pebrook,cat,2,JORDAN
Wat Kohneke,Wat,cat,2,JORDAN
Petey Turri,Petey,cat,2,JORDAN
Nikita McKelvie,Nikita,cat,2,JORDAN
Brietta Caron,Brietta,cat,2,JORDAN
Wylma Nickoll,Wylma,cat,2,JORDAN
Othilia Mates,Othilia,cat,2,JORDAN
Pavla Murphey,Pavla,cat,2,JORDAN
Desdemona Laphorn,Desdemona,cat,2,JORDAN
Jens Lotwich,Jens,cat,2,JORDAN
Anitra Boichat,Anitra,cat,1,JORDAN
Tabby Spurman,Tabby,cat,1,JORDAN
Ric Wesker,Ric,cat,1,JORDAN
Hoyt Molnar,Hoyt,cat,1,JORDAN
Flory Featenby,Flory,cat,1,JORDAN
Cornelius Bargh,Cornelius,cat,1,JORDAN
Washington Stevani,Washington,cat,1,JORDAN
Hamil Carnock,Hamil,cat,1,JORDAN
Thekla McConway,Thekla,cat,1,JORDAN
Idaline Blastock,Idaline,cat,1,JORDAN
Albertina Machan,Albertina,cat,1,JORDAN
Stanislaw Tidridge,Stanislaw,cat,1,JORDAN
Candi Cordon,Candi,cat,1,JORDAN
Brunhilde Fink,Brunhilde,cat,1,JORDAN
Chrissie Oliveti,Chrissie,cat,1,JORDAN
Emmaline Leap,Emmaline,cat,1,JORDAN
Elwood Siege,Elwood,cat,1,JORDAN
Val Kantor,Val,cat,2,JORDAN
May Barbery,May,cat,2,JORDAN
Silva Brownscombe,Silva,cat,2,JORDAN
Ranna Willbourne,Ranna,cat,2,JORDAN
Chester Moscon,Chester,cat,2,JORDAN
Kary Snowdon,Kary,cat,2,JORDAN
Fifine Gouley,Fifine,cat,2,JORDAN
Giustino Grewar,Giustino,cat,2,JORDAN
Jefferson Desson,Jefferson,cat,2,JORDAN
Romola Purvis,Romola,cat,2,JORDAN
Kahlil Brayley,Kahlil,cat,2,JORDAN
Caleb Philpots,Caleb,cat,2,JORDAN
Ravi Semper,Ravi,cat,2,JORDAN
Junina Ackenhead,Junina,cat,2,JORDAN
Ester Heffernan,Ester,cat,2,JORDAN
Paloma Plaide,Paloma,cat,2,JORDAN
Jolyn Ellacombe,Jolyn,cat,2,JORDAN
Bride Ellar,Bride,cat,2,JORDAN
Forbes Keeri,Forbes,cat,2,JORDAN
Morrie Cradduck,Morrie,cat,2,JORDAN
Shirlee Sparway,Shirlee,cat,2,JORDAN
Leigh Dent,Leigh,cat,2,JORDAN
Torin Mendez,Torin,cat,2,JORDAN
Cookie Brewer,Cookie,cat,2,JORDAN
Loleta Lilbourne,Loleta,cat,2,JORDAN
Caye Coie,Caye,cat,2,JORDAN
Clerissa Schusterl,Clerissa,cat,2,JORDAN
Washington Schutter,Washington,cat,2,JORDAN
Phyllys Halse,Phyllys,cat,2,JORDAN
Sanderson McTurk,Sanderson,cat,2,JORDAN
Demetre Fance,Demetre,cat,2,JORDAN
Brandyn Trynor,Brandyn,cat,2,JORDAN
Reamonn Hamor,Reamonn,cat,2,JORDAN
Dana Sydry,Dana,cat,2,JORDAN
Tamqrah Noddles,Tamqrah,cat,2,JORDAN
Whitney Townsend,Whitney,cat,2,JORDAN
Jareb Towler,Jareb,cat,2,JORDAN
Dorita Coller,Dorita,cat,2,JORDAN
Rosco Gilliard,Rosco,cat,2,JORDAN
Reggis Sayer,Reggis,cat,2,JORDAN
Wes Escoffrey,Wes,cat,2,JORDAN
Jenine Askham,Jenine,cat,2,JORDAN
Diena Ezele,Diena,cat,2,JORDAN
Ester Couzens,Ester,cat,2,JORDAN
Norri Rides,Norri,cat,2,JORDAN
Gerhardine Mohammad,Gerhardine,cat,2,JORDAN
Aldridge Gubbins,Aldridge,cat,2,JORDAN
Friederike Letty,Friederike,cat,2,JORDAN
Ileane Carillo,Ileane,cat,2,JORDAN
Hephzibah Reese,Hephzibah,cat,2,JORDAN
Elvira Sissel,Elvira,cat,2,JORDAN
Rusty Whitmell,Rusty,cat,2,JORDAN
Osbert Robley,Osbert,cat,2,JORDAN
Wendi Dignum,Wendi,cat,2,JORDAN
Reggie Pickervance,Reggie,cat,2,JORDAN
Pryce Lampert,Pryce,cat,2,JORDAN
Talbot Bold,Talbot,cat,2,JORDAN
Elene Doblin,Elene,cat,2,JORDAN
Evey Hawe,Evey,cat,2,JORDAN
Artur Adkin,Artur,cat,2,JORDAN
Ealasaid Meggison,Ealasaid,cat,2,JORDAN
Arnoldo Segrott,Arnoldo,cat,2,JORDAN
Lesley Staniland,Lesley,cat,2,JORDAN
Aloin Luffman,Aloin,cat,2,JORDAN
Margo Kuschke,Margo,cat,2,JORDAN
Rhea Prestedge,Rhea,cat,2,JORDAN
Clementia Tegeller,Clementia,cat,2,JORDAN
Cristin Shropshire,Cristin,cat,2,JORDAN
Luella Bidewell,Luella,cat,2,JORDAN
Lilly Botley,Lilly,cat,2,JORDAN
Aurelia Mechi,Aurelia,cat,2,JORDAN
Trace Bourgeois,Trace,cat,2,JORDAN
Jodie Bullar,Jodie,cat,2,JORDAN
Velma Trenbay,Velma,cat,2,JORDAN
Pauline Ovendale,Pauline,cat,2,JORDAN
Jacklin Riordan,Jacklin,cat,2,JORDAN
Gail Donnersberg,Gail,cat,2,JORDAN
Birgitta Hrishanok,Birgitta,cat,2,JORDAN
Cele Tidder,Cele,cat,2,JORDAN
Gothart McGarrahan,Gothart,cat,2,JORDAN
Hetty Belloch,Hetty,cat,1,JORDAN
Toby Sumption,Toby,cat,1,JORDAN
Dallon Losano,Dallon,cat,1,JORDAN
Justina Winthrop,Justina,cat,1,JORDAN
Melitta Guillard,Melitta,cat,1,JORDAN
Allistir Challin,Allistir,cat,1,JORDAN
Joela Michelin,Joela,cat,1,JORDAN
Penny Minette,Penny,cat,1,JORDAN
Ursula Farquharson,Ursula,cat,1,JORDAN
Lynne Linklater,Lynne,cat,1,JORDAN
Rozamond Blance,Rozamond,cat,1,JORDAN
Joey Shafe,Joey,cat,1,JORDAN
Kevyn Sigmund,Kevyn,cat,1,JORDAN
Margot Rahlof,Margot,cat,1,JORDAN
Earl Botterell,Earl,cat,1,JORDAN
Maressa McKibbin,Maressa,cat,1,JORDAN
Nannette Frisby,Nannette,cat,1,JORDAN
Aggi Syphas,Aggi,cat,2,JORDAN
Vilma Simmers,Vilma,cat,2,JORDAN
Lana Mundall,Lana,cat,2,JORDAN
Mahmoud Burberye,Mahmoud,cat,2,JORDAN
Kayley Moncaster,Kayley,cat,2,JORDAN
Hatty Garvan,Hatty,cat,2,JORDAN
Renato Egle of Germany,Renato,cat,2,JORDAN
Winna Marrow,Winna,cat,2,JORDAN
Corey Piddock,Corey,cat,2,JORDAN
Gardener Skule,Gardener,cat,2,JORDAN
Lira Ellar,Lira,cat,2,JORDAN
Barbi Clover,Barbi,cat,2,JORDAN
Kennett Ralling,Kennett,cat,2,JORDAN
Ludovika Filinkov,Ludovika,cat,2,JORDAN
Kathie Treacy,Kathie,cat,2,JORDAN
Anatol Bulman,Anatol,cat,2,JORDAN
Milissent McIlwaine,Milissent,cat,2,JORDAN
Shurlocke Goghin,Shurlocke,cat,2,JORDAN
Eugen Greeves,Eugen,cat,2,JORDAN
Rori Karchewski,Rori,cat,2,JORDAN
Winnifred Whetson,Winnifred,cat,2,JORDAN
Gavrielle Grimwad,Gavrielle,cat,2,JORDAN
Carin Potticary,Carin,cat,2,JORDAN
Marleen Brownfield,Marleen,cat,2,JORDAN
Carmelina Ferrey,Carmelina,cat,2,JORDAN
Jordain Grunbaum,Jordain,cat,2,JORDAN
Ysabel Jansa,Ysabel,cat,2,JORDAN
Cecilius Cecchetelli,Cecilius,cat,2,JORDAN
Nat Fitchell,Nat,cat,2,JORDAN
Carolee de Savery,Carolee,cat,2,JORDAN
Zonda Press,Zonda,cat,2,JORDAN
Letizia Gilliam,Letizia,cat,2,JORDAN
Elwin Dunsford,Elwin,cat,2,JORDAN
Guillema Giffaut,Guillema,cat,2,JORDAN
Aridatha Sheard,Aridatha,cat,2,CEDAR
Maud Crier,Maud,cat,2,CEDAR
Ellwood Lippett,Ellwood,cat,2,CEDAR
Elene Veregan,Elene,cat,2,CEDAR
Eloisa Lunge,Eloisa,cat,2,CEDAR
Chelsy Barker,Chelsy,cat,2,CEDAR
Rabbi Webby,Rabbi,cat,2,CEDAR
Clara Enochsson,Clara,cat,2,CEDAR
Franciskus West,Franciskus,cat,2,CEDAR
Myrna Sidey,Myrna,cat,2,CEDAR
Kitti Andrei,Kitti,cat,2,CEDAR
Eleen Haily,Eleen,cat,2,CEDAR
Constancy Cardenas,Constancy,cat,2,CEDAR
Kevan Bragger,Kevan,cat,2,CEDAR
Lelah Trillo,Lelah,cat,2,CEDAR
Ezri Gerger,Ezri,cat,2,CEDAR
Dag Bellson,Dag,cat,2,CEDAR
Lindsey Ventham,Lindsey,cat,2,CEDAR
Alejoa Hussey,Alejoa,cat,2,CEDAR
Agace Woollacott,Agace,cat,2,CEDAR
Rachael Croyden,Rachael,cat,2,CEDAR
Pippa Screen,Pippa,cat,2,CEDAR
Lorelei Skarin,Lorelei,cat,2,CEDAR
Elly Ainsbury,Elly,cat,2,CEDAR
Francisco Iacobini,Francisco,cat,2,CEDAR
Leann Castagne,Leann,cat,2,CEDAR
Lulu Winterbottom,Lulu,cat,2,CEDAR
Libbie Johnigan,Libbie,cat,2,CEDAR
Cindee Feore,Cindee,cat,2,CEDAR
Jeniffer Regenhardt,Jeniffer,cat,2,CEDAR
Randal Baumann,Randal,cat,2,CEDAR
Duncan Hubeaux,Duncan,cat,2,CEDAR
Stanislaw Barhims,Stanislaw,cat,2,CEDAR
Janna Burtonshaw,Janna,cat,2,CEDAR
Hortensia Pyle,Hortensia,cat,2,CEDAR
Heriberto Parrott,Heriberto,cat,2,CEDAR
Wilburt Voss,Wilburt,cat,2,CEDAR
Mario Pepperill,Mario,cat,2,CEDAR
Wes Rigglesford,Wes,cat,2,CEDAR
Sybille Seedull,Sybille,cat,2,CEDAR
Merrick Gryglewski,Merrick,cat,2,CEDAR
Annemarie Crosgrove,Annemarie,cat,2,CEDAR
Sauncho Fenge,Sauncho,cat,2,CEDAR
Ambrosi Whiffin,Ambrosi,cat,2,CEDAR
Austin Witherup,Austin,cat,2,CEDAR
Cherilyn Langhorn,Cherilyn,cat,2,CEDAR
Elana Wayt,Elana,cat,1,CEDAR
Anders Waddy,Anders,cat,1,CEDAR
Sharlene Ferro,Sharlene,cat,1,CEDAR
Lionello Buard,Lionello,cat,1,CEDAR
Vidovic Fibbens,Vidovic,cat,1,CEDAR
Allyce O'Carrol,Allyce,cat,1,CEDAR
Tucker Brickner,Tucker,cat,1,CEDAR
Clerc Zmitrichenko,Clerc,cat,1,CEDAR
Ondrea Boud,Ondrea,cat,1,CEDAR
Harriette Bruggeman,Harriette,cat,1,CEDAR
Cory Fulham,Cory,cat,1,CEDAR
Winthrop Gipson,Winthrop,cat,1,CEDAR
Earl Sidnell,Earl,cat,1,CEDAR
Almira Stening,Almira,cat,1,CEDAR
Melania Levine,Melania,cat,1,CEDAR
Hart Garmston,Hart,cat,1,CEDAR
Euphemia Jonson,Euphemia,cat,1,CEDAR
Misti MacShirie,Misti,cat,2,CEDAR
Levon Shrubb,Levon,cat,2,CEDAR
Amelia Clohissy,Amelia,cat,2,CEDAR
Isabella Grinley,Isabella,cat,2,CEDAR
Eleni Dronsfield,Eleni,cat,2,CEDAR
Nealon Rogez,Nealon,cat,2,CEDAR
Urbanus Rasher,Urbanus,cat,2,CEDAR
Walther Deluce,Walther,cat,2,CEDAR
Kip Wurst,Kip,cat,2,CEDAR
Reggie Klimke,Reggie,cat,2,CEDAR
Starlin Bartalot,Starlin,cat,2,CEDAR
Rad Shieldon,Rad,cat,2,CEDAR
Irvin Fridlington,Irvin,cat,2,CEDAR
Brig Christin,Brig,cat,2,CEDAR
Deborah Chatel,Deborah,cat,2,CEDAR
Zarla Gleeson,Zarla,cat,2,CEDAR
Jeromy Valerius,Jeromy,cat,2,CEDAR
Lidia Simic,Lidia,cat,2,CEDAR
Guillermo Riordan,Guillermo,cat,2,CEDAR
Jean Fullick,Jean,cat,2,CEDAR
Darbee Dulson,Darbee,cat,2,CEDAR
Kingsley Gamlen,Kingsley,cat,2,CEDAR
Candie Columbine,Candie,cat,2,CEDAR
Perren Hicken,Perren,cat,2,CEDAR
Kelly Celloni,Kelly,cat,2,CEDAR
Sansone Leyfield,Sansone,cat,2,CEDAR
Fred Northwood,Fred,cat,2,CEDAR
Vivianna Tomeo,Vivianna,cat,2,CEDAR
Beltran Yesson,Beltran,cat,2,CEDAR
Emilia Kemm,Emilia,cat,2,CEDAR
Suzy Johnsey,Suzy,cat,2,CEDAR
Thorvald Windrass,Thorvald,cat,2,CEDAR
Georgianna Kubal,Georgianna,cat,2,CEDAR
Rouvin Baythorp,Rouvin,cat,2,CEDAR
Waldemar Tarney,Waldemar,cat,2,CEDAR
Ludvig Frizell,Ludvig,cat,2,CEDAR
Geoffry Weatherhill,Geoffry,cat,2,CEDAR
Liam Dreakin,Liam,cat,2,CEDAR
Giraud Staner,Giraud,cat,2,CEDAR
Sybille Dondon,Sybille,cat,2,CEDAR
Ben Aymes,Ben,cat,2,CEDAR
Eve Stalf,Eve,cat,2,CEDAR
Charlie Schapiro,Charlie,cat,2,CEDAR
Carissa Elmer,Carissa,cat,2,CEDAR
Damiano Najara,Damiano,cat,2,CEDAR
Igor Scamadin,Igor,cat,2,CEDAR
Shanan Cruttenden,Shanan,cat,2,CEDAR
Rockey Orht,Rockey,cat,2,CEDAR
Nathalia Howie,Nathalia,cat,2,CEDAR
Anastasie Finnick,Anastasie,cat,2,CEDAR
El Laba,El,cat,2,CEDAR
Konstantine Sharnock,Konstantine,cat,2,CEDAR
Sonny Kirman,Sonny,cat,2,CEDAR
Aubrey Schwandermann,Aubrey,cat,2,CEDAR
Donavon Gockeler,Donavon,cat,2,CEDAR
Nicol Lempke,Nicol,cat,2,CEDAR
Jeni Dinkin,Jeni,cat,2,CEDAR
Benjamen Mendes,Benjamen,cat,2,CEDAR
Spike Andreacci,Spike,cat,2,CEDAR
Corinne Bourcq,Corinne,cat,2,CEDAR
Salem Seneschal,Salem,cat,2,CEDAR
Norri Farr,Norri,cat,2,CEDAR
Marney Montgomery,Marney,cat,2,CEDAR
Wynnie Mullord,Wynnie,cat,2,CEDAR
Charisse Meus,Charisse,cat,2,CEDAR
Odey Loadsman,Odey,cat,2,CEDAR
Anatol Chung,Anatol,cat,2,CEDAR
Ryon Bosley,Ryon,cat,2,CEDAR
Amalia Curcher,Amalia,cat,2,CEDAR
Alene Shee,Alene,cat,2,CEDAR
Colet Fantham,Colet,cat,2,CEDAR
Deb Penni,Deb,cat,2,CEDAR
Morganica Filkov,Morganica,cat,2,CEDAR
Alexa Dechelette,Alexa,cat,2,CEDAR
Susan Cammacke,Susan,cat,2,CEDAR
Sherwynd Dachey,Sherwynd,cat,2,CEDAR
Loralyn McClaren,Loralyn,cat,2,CEDAR
Vallie Dunkley,Vallie,cat,2,CEDAR
Raynard Edelheit,Raynard,cat,2,CEDAR
Alejandrina Glenny,Alejandrina,cat,2,CEDAR
Cross Copp,Cross,cat,1,CEDAR
Kevin Hains,Kevin,cat,1,CEDAR
Neel Moriarty,Neel,cat,1,CEDAR
Nalani Buttel,Nalani,cat,1,CEDAR
Cully Eliot,Cully,cat,1,CEDAR
Nanine Pitkethly,Nanine,cat,1,CEDAR
Cindi Ganter,Cindi,cat,1,CEDAR
Niccolo Peak,Niccolo,cat,1,CEDAR
Xever Cattini,Xever,cat,1,CEDAR
Reine McRinn,Reine,cat,1,CEDAR
Garrot Dane,Garrot,cat,1,CEDAR
Englebert Scouse,Englebert,cat,1,CEDAR
Gweneth McManamon,Gweneth,cat,1,CEDAR
Dorree McGlaud,Dorree,cat,1,CEDAR
Claire Brack,Claire,cat,1,CEDAR
Syd Wrintmore,Syd,cat,1,CEDAR
Germain Coleman,Germain,cat,1,CEDAR
Trace Ghelardi,Trace,cat,2,CEDAR
Jessi Cazalet,Jessi,cat,2,CEDAR
Betty Castellini,Betty,cat,2,CEDAR
Dillie Ponder,Dillie,cat,2,CEDAR
Gavan Clausner,Gavan,cat,2,CEDAR
Caressa Michieli,Caressa,cat,2,CEDAR
Shauna Lenchenko,Shauna,cat,2,CEDAR
Wallis Louth,Wallis,cat,2,CEDAR
Meryl Stallard,Meryl,cat,2,CEDAR
Chance Kondratyuk,Chance,cat,2,CEDAR
Nat Beal,Nat,cat,2,CEDAR
Kristy Dunbobin,Kristy,cat,2,CEDAR
Grethel Daen,Grethel,cat,2,CEDAR
Janka Robelet,Janka,cat,2,CEDAR
Bili Sherrett,Bili,cat,2,CEDAR
Gunilla Mattosoff,Gunilla,cat,2,CEDAR
Rancell Durning,Rancell,cat,2,CEDAR
Vanni Kidner,Vanni,cat,2,CEDAR
Jemima Ordish,Jemima,cat,2,CEDAR
Darrelle Filkin,Darrelle,cat,2,CEDAR
Alethea Wroughton,Alethea,cat,2,CEDAR
Jemie Diche,Jemie,cat,2,CEDAR
Kira Ditts,Kira,cat,2,CEDAR
Jelene Raffan,Jelene,cat,2,CEDAR
Dale Starmont,Dale,cat,2,CEDAR
Sharon Linkie,Sharon,cat,2,CEDAR
Royall Sieghard,Royall,cat,2,CEDAR
Alleen Jollye,Alleen,cat,2,CEDAR
Nichols Middlehurst,Nichols,cat,2,CEDAR
Shaine Goodger,Shaine,cat,2,CEDAR
Blaire Elleyne,Blaire,cat,2,CEDAR
Tobie Willard,Tobie,cat,2,CEDAR
Jeannette Matitiaho,Jeannette,cat,2,CEDAR
Dorris Obee,Dorris,cat,2,CEDAR
Cory Neilus,Cory,cat,2,CEDAR
Amii Iskov,Amii,cat,2,CEDAR
Patience MacPaden,Patience,cat,2,CEDAR
Dinny Malzard,Dinny,cat,2,CEDAR
Nathalia Barti,Nathalia,cat,2,CEDAR
Krista Ronayne,Krista,cat,2,CEDAR
Quentin Lilleycrop,Quentin,cat,2,CEDAR
Noe Petry,Noe,cat,2,CEDAR
Laina Paynton,Laina,cat,2,CEDAR
Alvira Dranfield,Alvira,cat,2,CEDAR
Ivette Duffer,Ivette,cat,2,CEDAR
Cheslie Ioselev,Cheslie,cat,2,CEDAR
Osbert Riddiford,Osbert,cat,2,CEDAR
Iago Fluin,Iago,cat,2,CEDAR
Sergio Tiesman,Sergio,cat,2,CEDAR
Kylynn Freeberne,Kylynn,cat,2,CEDAR
Irwin Thiem,Irwin,cat,2,CEDAR
Gretna Guys,Gretna,cat,2,CEDAR
Crosby Wolfart,Crosby,cat,2,CEDAR
Sheelagh Mc Ilory,Sheelagh,cat,2,CEDAR
Lucine Topper,Lucine,cat,2,CEDAR
Evered Revens,Evered,cat,2,CEDAR
Eddy Brenneke,Eddy,cat,2,CEDAR
Jessi Bridge,Jessi,cat,2,CEDAR
Roddy Ugoletti,Roddy,cat,2,CEDAR
Myer Hovel,Myer,cat,2,CEDAR
Livy Maryman,Livy,cat,2,CEDAR
Bert Churms,Bert,cat,2,CEDAR
Niall Worg,Niall,cat,2,CEDAR
Deina Redmell,Deina,cat,2,CEDAR
Jere Kohrding,Jere,cat,2,CEDAR
Diana Chudleigh,Diana,cat,2,CEDAR
Zacharie Muckle,Zacharie,cat,2,CEDAR
Mannie Lovelock,Mannie,cat,2,CEDAR
Ludwig Lautie,Ludwig,cat,2,CEDAR
Lissa Primak,Lissa,cat,2,CEDAR
Marketa Sarge,Marketa,cat,2,CEDAR
Jessamine Creaney,Jessamine,cat,2,CEDAR
Kleon Ibert,Kleon,cat,2,CEDAR
Annie Waylen,Annie,cat,2,CEDAR
Barnebas Hayer,Barnebas,cat,2,CEDAR
Aleda Bernardi,Aleda,cat,2,CEDAR
Rainer Cummins,Rainer,cat,2,CEDAR
Zola McKague,Zola,cat,2,CEDAR
Eloisa Darrington,Eloisa,cat,2,CEDAR
Barclay Boakes,Barclay,cat,2,CEDAR
Waverley Boak,Waverley,cat,1,CEDAR
Cybill Franciottoi,Cybill,cat,1,CEDAR
Pat Wem,Pat,cat,1,CEDAR
Maryanne Franck,Maryanne,cat,1,CEDAR
Andrus While,Andrus,cat,1,CEDAR
Genni Sear,Genni,cat,1,CEDAR
Thorndike Havick,Thorndike,cat,1,CEDAR
Lotte Turbayne,Lotte,cat,1,CEDAR
Paulina Crossley,Paulina,cat,1,CEDAR
Worth Machans,Worth,cat,1,CEDAR
Emmeline McNair,Emmeline,cat,1,CEDAR
Dugald Jonke,Dugald,cat,1,CEDAR
Amber Nolder,Amber,cat,1,CEDAR
Garrett Capron,Garrett,cat,1,CEDAR
Rollie Neat,Rollie,cat,1,CEDAR
Sheila-kathryn Grunwall,Sheila,cat,1,CEDAR
Delano Baish,Delano,cat,1,CEDAR
Pier Lesor,Pier,cat,2,CEDAR
Kalinda Rothwell,Kalinda,cat,2,CEDAR
Dori Andrzejowski,Dori,cat,2,CEDAR
Aylmar McClelland,Aylmar,cat,2,CEDAR
Tobe Spollen,Tobe,cat,2,CEDAR
Vincenz Smallcombe,Vincenz,cat,2,CEDAR
Alvie Reddle,Alvie,cat,2,CEDAR
Jozef Cassy,Jozef,cat,2,CEDAR
Justino Eric,Justino,cat,2,CEDAR
Logan Jerke,Logan,cat,2,CEDAR
Silva Fearnley,Silva,cat,2,CEDAR
Ange Kruschev,Ange,cat,2,CEDAR
Mariana Bartolomeazzi,Mariana,cat,2,CEDAR
Tammi Hilley,Tammi,cat,2,CEDAR
Darleen Olney,Darleen,cat,2,CEDAR
Rowena McRuvie,Rowena,cat,2,CEDAR
Vincenz Barltrop,Vincenz,cat,2,CEDAR
Kareem Hearle,Kareem,cat,2,CEDAR
Annabal Mallon,Annabal,cat,2,CEDAR
Nikos Fairn,Nikos,cat,2,CEDAR
Amerigo Goodfellowe,Amerigo,cat,2,CEDAR
Allyson McColley,Allyson,cat,2,CEDAR
Addy Switland,Addy,cat,2,CEDAR
Prisca Lemary,Prisca,cat,2,CEDAR
Lanny Daenen,Lanny,cat,2,CEDAR
Tiffany Konzelmann,Tiffany,cat,2,CEDAR
Graehme Stiegars,Graehme,cat,2,CEDAR
Justis Worton,Justis,cat,2,CEDAR
Seumas Glidden,Seumas,cat,2,CEDAR
Stephine Hutcheons,Stephine,cat,2,CEDAR
Aeriela Parkins,Aeriela,cat,2,CEDAR
Grantley Courage,Grantley,cat,2,CEDAR
Augie Sperry,Augie,cat,2,CEDAR
Phyllys Boyan,Phyllys,cat,2,CEDAR
Donavon O'Hingerty,Donavon,cat,2,CEDAR
Liliane Pretsel,Liliane,cat,2,CEDAR
Salem Dell'Abbate,Salem,cat,2,CEDAR
Harlan Reck,Harlan,cat,2,CEDAR
Noam MacLice,Noam,cat,2,CEDAR
Ramsay Bance,Ramsay,cat,2,CEDAR
Kaleena Defrain,Kaleena,cat,2,CEDAR
Preston Aingell,Preston,cat,2,CEDAR
Falkner Braunton,Falkner,cat,2,CEDAR
Ode Stevens,Ode,cat,2,CEDAR
Erastus Nairy,Erastus,cat,2,CEDAR
Daile Sucre,Daile,cat,2,CEDAR
Luis Hitcham,Luis,cat,2,CEDAR
Cherish Giraudel,Cherish,cat,2,CEDAR
Raleigh Lyst,Raleigh,cat,2,CEDAR
Gaelan Bramble,Gaelan,cat,2,CEDAR
Marnie Strutz,Marnie,cat,2,CEDAR
Lizette Champion,Lizette,cat,2,CEDAR
Gabriell Duling,Gabriell,cat,2,CEDAR
Brunhilda Todaro,Brunhilda,cat,2,CEDAR
Rodrique Hawse,Rodrique,cat,2,CEDAR
Suellen Duchan,Suellen,cat,2,CEDAR
Zena Heliot,Zena,cat,2,CEDAR
Blondelle Caldes,Blondelle,cat,2,CEDAR
Anjanette Cossum,Anjanette,cat,2,CEDAR
Dale Grellier,Dale,cat,2,CEDAR
Demetrius Genthner,Demetrius,cat,2,CEDAR
Imojean Luchetti,Imojean,cat,2,CEDAR
Drud Soots,Drud,cat,2,CEDAR
Joellen Bear,Joellen,cat,2,CEDAR
Ximenes Labdon,Ximenes,cat,2,CEDAR
Danell Stave,Danell,cat,2,CEDAR
Valdemar Tappin,Valdemar,cat,2,CEDAR
Igor Trorey,Igor,cat,2,CEDAR
Lynnell Marchment,Lynnell,cat,2,CEDAR
Godard Bischoff,Godard,cat,2,CEDAR
Job Coneybeer,Job,cat,2,CEDAR
Codi Argyle,Codi,cat,2,CEDAR
Darbie Beining,Darbie,cat,2,CEDAR
Maggie Calton,Maggie,cat,2,CEDAR
Kizzee Merriott,Kizzee,cat,2,CEDAR
Elisabeth Stuck,Elisabeth,cat,2,CEDAR
Siouxie Balmadier,Siouxie,cat,2,CEDAR
Cortney Heiner,Cortney,cat,2,CEDAR
Henry Charrington,Henry,cat,2,CEDAR
Craig Mossop,Craig,cat,2,CEDAR
Freida Bosward,Freida,cat,2,CEDAR
Lucais Ney,Lucais,cat,2,CEDAR
Freeland Zuanazzi,Freeland,cat,2,CEDAR
Windy Sandall,Windy,cat,2,CEDAR
Schuyler Pellissier,Schuyler,cat,2,CEDAR
Debee Carabet,Debee,cat,2,CEDAR
Ransell Mc Ilwrick,Ransell,cat,2,CEDAR
Caldwell Barras,Caldwell,cat,2,CEDAR
Rod Kirvell,Rod,cat,2,CEDAR
Benedetto Rounds,Benedetto,cat,2,CEDAR
Gabriello Alu,Gabriello,cat,2,CEDAR
Sheri Minton,Sheri,cat,2,CEDAR
Taber Jaray,Taber,cat,2,CEDAR
Issy Bevar,Issy,cat,2,CEDAR
Sisely McIlroy,Sisely,cat,2,CEDAR
Simmonds Gilfoy,Simmonds,cat,2,CEDAR
Aleda Lourenco,Aleda,cat,2,CEDAR
Anita Rustman,Anita,cat,2,CEDAR
,, , , 
,, , , 
,, , , 
,, , , 
,,,, 
